- +; _- -

‘
F Pi

ASSOCIACAO CULTURAL BIQUINHA-CABUCU- ACBC -
Filiada USABG-CASEC EDILSON CEARA-F. 2403.4502-Cel.6774.5401- Cel.691 1-5123 (Vivo) 7156.1019
Rua Silvestre Passagem 1 N° 15- Recreio Sao Jorge ~Cep. 07144.590-Guarulhos-Sp

ESTATUTO SOCIAL.

CAPITULO! DA DENOMINACAO, SEDE E FINS (ART.54, INCISO p

Artigo- 1° A ASSOCIAGAO CULTURAL BIQUINHA-CABUCU -Também Designada
pela Sigla de Fantasia- - ACBC, Fundada em 06 de Marco de 2011, Com sede e
foro no Municipio de Sao Paulo, Passara a ser Designada como'uma ONG- Instituigao e
Organizagao Filantrépica Civil de Direito Privado sem Fins Lucrativos, que podera
implantar tantas quantas sub-sedes Forem necessarias, 6 uma Pessoa Juridica, constituida
por tempo indeterminado, sem fins econémicos, de carater filantrépico, Recreativo,
Esportiva, Artistica, Cultural, Assistencial e Educacional, sem cunho politico, com a
finalidade de atender a todos a que a ela se associem, independente de classe social,
nacionalidade, sexo, rac¢a, cor e crenga religiosa, Constituida de acordo com o que dispée a
Lei Federal n° 10.406/2002, Entre outras Leis em vigor, que tem por finalidade e meta
principal promover e desenvolver projetos na Area da Educagao para Criangas como
Creche, CEI- Centro de Educacao Infantil, EMEI, e Outras que atendam as Criangas,
Adolescentes, Jovens, Adultos e os idosos, como Também Nas Areas da assisténcia
social, na Arte Cultural, Artistica, Esportiva, Reciclagem, Meio Ambiente entre outras
agoes.

Artigo J -A instituigdo tem sede Provisoria e administragao na Sede Proviséria: Rua
Silvestre Passagem 1 N° 15- Recreio Sao Jorge —Cep. 07144.590-Guarulhos-Sp,

, estado de Sao Paulo, podendo instalar-se em qualquer localidade onde. haja interessados
nos seus objetivos sociais e nao fara distingéo de nacionalidade, raga, credo Boies ou
opeao politica para admissao de associados.

§ 1°. A Instituicaéo nao distribuirdé entre seus associados, conselheiros, diretores, erprecaos ou
doadores eventuais excedentes operacionais ou parcelas do seu patriménio, lucros ou divi S, obtidos
por recursos auferidos de suas atividades, sejam por servicos prestados ou resuitantes de apli
fi inanceira, aplicando-os integralmente na consecugao dos seus objetivos sociais. Q

smipiessoatidaile, moralidade, publicidade, economicidade e da eficiéncia.
§ 3° A Instituicdo adotard prdticas de gestiio administrativa necessdria e suficiente Boor bteicao de
forma individual ou coletiva de beneficios ou vantagens pessoais em decorréncia do exercicyg-de a na

Diretoria Executiva, Consetho Fiscal ou quaiquer outro quadro de processo decisério. CO s
§ 4°. A Instituicdo disciplinard seu funcionamento por meios de Ordens Normativas, eubitidas pelas
Assembleias Gerais, e Ordens Executivas, e pela Diretoria. “

§ 5°. A fim de cumprir sua finalidade a instituigdo se organizard em tantas unidades de prestacéio de
servicos, quantas se fizerem necessdrias, as quais se regerao pelas disposicées estatutdrias.
§ 6% A fim de cumprir sua finalidade e o Estatuto Social da instituigéo terd como seu representante
Ativo, Passivo, Judicial e Extrajudicial o seu Presidente Legal Registrado em Cartério.
Artigo 3°. — O prazo de duracao da Instituigdo é indeterminado e 0 ano social dar-se a em 31 de Dezembro
de cada Ano.
artigo 4°. — a Instituicao terd um Regimento Interno que, aprcwuds pela Assembléia Geral, diveihined o
Seu funcionamento.
Pardgrafo Primeiro: O. seu Presidente executivo Representara a Instituic¢éo Ativa, Passiva,Judicial e
Extrajudiciaimente.

\ Pardgrafo Segundo: Os Associados néo respondem pelas obrigacées Sociais desta Instituicaéo.

Artigo 5°. — Para fins deste estatuto, a dedicagao as atividades nele previstas configura-se mediante a
execucae direta de projetos, programa ou planos de acées ou por meio da doacao de recursos fisicos,
humanos ou financeiros, ou prestacio de servicos intermedidrios de apoio a outras organizacdes sem fins
lucrativos ou a 6rgdos do setor piblico tendo Stituicao os seguintes objetivos:

ee
/ a RU PUGRS 5

seoncsirmeoenctead
"TT 7 FT FT wT weTwvwTrwvwrvewvwvy~wv~WvVTeVvVvF YY Ws

ASSOCIACAO CULTURAL BIQUINHA-CABUCU- ACBC
Filiada USABG-CASEC EDILSON CEARA-F. 2403.4502-Cel.6774.5401- Cel.6911-5123 (Vivo) 7156.1019
Rua Silvestre Passagem 1 N° 15- Recreio Sao Jorge ~Cep. 07144.590-Guarulhos-Sp

$1%  Garantir a Promogiio Humana, Protecdo @ Familia, Acolher, Assistir e Integrar a Populacao em

situacao de rua com critérios colocando em pratica 0 esptrito dos objetivos da assisténcia social de acordo

com o que determina o artigo 3°da Lei Orgénica da Assisténcia Social LOAS, Lei n°. 8.742/93 - a

protecao a familia, & maternidade, a infancia, & adolescéncia, & velhice, ou as pessoas

Portadoras de necessidades especiais ou a promo¢ao gratuita de assisténcia & satide ou a educacdo ou

ainda a integracéo ao mercado de trabatho;

§2% Na Cultura Procurar Garantir, Incentivar, Proteger e Valorizar a Diversidade Artistica Cultural
Brasileira, possibilitar a Aquisicaéio de Recursos para gerir a Promocdo da Arte e da cultura,
Propiciando encontros exibidos em Audiovisual, Patrimonio Material, Patrimonio Imaterial,
Culturas Tradicionais e Indigenas, Hip Hop, Artes Ciéncias, Literaturas, Musicas entre Outros;

$ 3° Garantir 0 Cumprimento do Estatuto do Idoso, oferecer Melhor qualidade de vida, promovendo
eventos Culturais, artistico, Lazer, Recreagdo, social e assistencial as demandas do seu Publico
alvo, inclusive propiciar seguranca alimentar e nutricional;

$4° Defesa preservaciio e conservacao do meio ambiente e promocdo do desenvolvimento sustentavel;

Promocéao do voluntariado;

§5*%  Promocéo de direitos estabelecidos, construgéo de novos direitos e assessoria juridica gratuita na
natureza suplementar;

$ 6° Promocdo da ética, da paz, da cidadania, dos direitos humanos, da democracia e de outros valores
universais;

§7*% Promogéo do desenvolvimento econémico e social e combate a pobreza; ~ ny

§ 8° Experimentacdo, nao lucrativa, de novos modelos sécios-produtivos e de sistemas Herativos de
producao, comércio, emprego e crédito. = =

§ 9°. Estudos e pesquisas, desenvolvimento de tecnologias, inclusive as alternativat${prodiigio e
divulgacao de informacées e conhecimentos técnicos e cientificos que digam regpeito as atividades
supra mencionadas; pd a

§ 10° Desenvolver e implementar programas habitacionais auto-gerenciados e outrg em parcerias com

a iniciativa privada ou com os poderes piiblicos e Promover, na qualidade de consultégia, a regularizacao™

fundidria em Greas ocupadas de acordo com o que estabelece a Lei 10.257 de 10.0%2001 CH statuto da

Cidade; © yi

§ 11°’ Desenvolver e aplicar cursos de qualificacao ou requalificacéo profissional; oo FS

§ 12° Desenvolver e coordenar projetos que envolvam a melhoria da qualidade de vida doggidadaos: em

especial as questies relacionadas & protecdo dos recursos hidricos, educacao ambiental, a=protecdd=dos

ecossistemas e a implantacdo de projetos e programas sustentdveis em: meios urbanos e de reservas
publicas e privadas.

§ 13° Sempre que Possivel Implantar Departamento de Assisténcia a Crianga, Jovens e ao Adolescente,
como também em Regimes de Orientacéo e Apoio Sécio Familiar, Apoio Sécio-Educativo em Meio
Aberto, Colocacéo Familiar, Abrigo, Liberdade Assistida, Semi Liberdade, Internacdo,
implantacdo Entre Outras.

§ 14°. Implantar Incentivar e Desenvolver Agées Efetivas na Area do Turismo de Negocios, aos Turistas

bem como aos Migrantes e Imigrantes, na Arte e Cultura garantindo as suas Origens, através de eventos

entre outras acdes que busquem o Crescimento dos Seguimentos entre Outros, seja através dos Poderes

Piublicos ou Privados.

§ 15°-Firmar Parcerias junto aos Poderes Piblicos Municipais; Estadual e Federal, e ou com a Iniciativa

Privada, garantindo apoiar os Migrantes e Imigrantes de todo o Norte e Nordeste, bem como Desenvolver

Estudos e Pesquisas Artisticas Sécio culturais, Promover Cursos e FE ventos,

§ 16% Incentivando a sua Amplitude e Organizar Simpésios, Semindrios, Conferencias, Congresses,

Captar Recursos e Patriménios para Gerir Projetos que venham de Encontro com o que dispée ds Leis
de Incentive Artistico, Sécio culturais Brasileiros e até mesmo Internacionais, e Quando Necesséria
Consultoria nas Areas Artisticas e Soci I.

ASSOCIACAO CULTURAL BIQUINHA-CABUCU- ACBC
Filiada USABG-CASEC EDILSON CEARA-F. 2403.4502-Cel.6774.5401- Cel.691 1-5123 (Vivo) 7156.1019

Rua Silvestre Passagem 1 N° 15- Recreio Sdo Jorge —Cep. 07144.590-Guarulhos-Sp

§ 17° Implantar Nicleos e ou Departamentos de Assisténcia e Orientagg@o a SAUDE EM GERAL
Exemplos Odontolégica, Medica, Psicolégica e Outros Tantos quantos forem Necessdrios que visem
Distribuir Gratuitamente para que possibilite Melhorar a vida Sécia Econémica do Seu Publico Alve, ou
Seja, dos seus Associados e seus Dependentes ;
§ 18°Implantar Departamentos que visem a récuperacéo de Dependentes Quimicos de Drogas e
Alcoolismo, integrando-os em uma sociedade justa e Possibilitar a sua Re Inclusdo na Familia.
§ 19°- Promover campanhas educacionais, preventiva e assistencial na area da satide; ,
§ 20° Esta Instituigdo Quando Possivel Implantara um ESPACO EDUCACIONAL EM SUA SEDE, e
ou em Outras Regides que nele Poderd Desenvolver Atividades Educacionais, como Creche, Pré Escola,
Escola de Educagao Infantil, Nicleo de Apoio e Reforcgo Escolar, Movimento de Alfabetizacao de Jovens
e Adultos, garantir e apoiar eventos nas areas da arte, cultura, Lazer, Recreacdo, Esportes entre Outros,
’ que deveram Sempre funcionar com regimento Interno Préprio da Instituicao.
§ 21°--Implantar Nicleos que venham a Incentivar e Desenvolver Acées Efetivas no Sistema de
Reciclagem, Através de Catadores (as) Habilitados e Cadastrados nesta Instituicaéo, dando thes novas
op¢des que Busquem Crescimento dos Seguimentos entre Outros, seja através dos Poderes Piblicos ou
Privados.
Artigo 6°. — Para atingir os seus objetivos a Instituigado poderd:
$ 1% adquirir, receber em comedato ou doacéo, locar e administrar bens préprios, deste que haja
viabilidade econémica, administrativas e financeiras, contratar servicos de profissionais das mais diversas
dreas, inclusive em cargos de geréncia, atribuindo-lhes funcées e saldrios, visando o aprenonantent do
atendimento aos seus associados e a boa consecucao dos seus objetivos sociais.
§ 2% — estabelecer parcerias, convénios ou contratos, com o poder publico ou organizacoes nao-
governamentais, com a iniciativa privada, com ambulatérios ou hospitais, escolas de ‘evsino medio,
Universidades, com organismos de fomento nacionais ou internacionais, para fins de impiantacaio dos
programas previstos nos objetivos sociais da Instituicdo entre estes: estégios supervisiona pseapat itacao
profissional, pratica profissional, qualificacao e requalificacao profissional, para prog ssionais da tirea do
meio ambiente, estagidrios que atuem nos programas da Instituicao. 2
§ 3°— estimular, discutir e encaminhar solucdo para os problemas sociais nos municfflos em que ante,
§ 4°— fazer-se representar em colegiados piblicos ou privados. = i=
§ 5°— criar comiss6es tempordrias, com tema e duracdo definidos pela Diretoria Execiiva. om Se
§ 6° — instituir, remuneracdo para aqueles que a ela prestem servicos especificos, respeitagas neste AY
os valores praticados pelo mercado na regidio correspondente a sua Grea de atuacao.
§ 7°--A Aplicabilidade das suas rendas, seus recursos e eventual resultado operacional int €
territorio nacional, na manutencdo e no desenvolvimento de seus objetivos institucionais. a ce
§ 8°— A Aplicabilidade das Subvencées e doacdes recebidas nas formalidades a que estejam vinculadas
neste.
§ 9°-- Os Recursos Advindos dos poderes ptiblicos Municipais deveréio ser aplicados dentro do Municipio
de Guarulhos, ainda que a sede da entidade mantenha se situe em outro Municipio, e assim
sucessivamente a mesma aplica-se para eventuais recursos dentro de outro Municipio.
§ 10°Ndo serd permitida a distribui¢déo de resultados, Bonificacées Participacdo ou Parcela do seu
Patriménio, sob nenhuma forma.
§ I1*% Né&o Constituem patriménio Exclusivo de um Grupo determinado de Individuos,
Familias,Entidades de Classe Ou de Sociedade sem Cardter de Assisténcia Social.
§ 12°%Seus Diretores, Conselheiros, Associados Instituidores, Benfeitores ou equivalentes ndo recebem
remuneracdao, vantagens ou beneficios, direta ou indiretamente, por qualquer forma ou titulo, em razio
das competéncias, funcées ou atividades que thes sejam atribuidas pelos respectivos atos constitutivos.

\fm caso em contrdario, serdo consultados sobre seu interesse em quitar suas CaniremGoe em a

PT TTS TT DST TDS DS Ss ss iS Ses Ss sae sae aw

ASSOCIACAO CULTURAL BIQUINHA-CABUCU- ACBC
Filiada USABG-CASEC EDILSON CEARA-F. 2403.4502-Cel.6774.5401- Cel.6911-5123 (Vivo) 7156.1019

Rua Silvestre Passagem 1 N° 15- Recreio Sao Jorge —Cep. 07144.590-Guarulhos-Sp

CAPITULO I - DOS ASSOCIADOS

Mrtigo 7°. — Sao trés categorias de associados: associados efetivos, associados contribuintes, associados

honordrios.

§ I’. Associados efetives: serio todos aqueles que assinem a lista de presenca.na assembleia de fundacdo
€ paguem taxa de associacao e contribuam com a mensalidade prevista no item V do Artigo 10°;

§ 2% Associados Contribuintes: séo todas as pessoas que contribuirem financeiramente para a
manutencao da entidade.

§ 3° Associados Honordrios: todos aqueles que prestarem relevantes servicos & Instituicao.
aq que p ¢ ¢

rtigo 8° - O numero de associados é ilimitado quando maximo, cabendo aos Associados
efeitos e aos Associados contribuintes pagarem a taxa de associagGes e a mensalidade
fixa pela Assembleia Geral de Fundacgaéo ou Normativas aprovadas posteriormeénte.
§ 1°. — Somente os associados em dia com 0 pagamento da sua mensalidade poderdo votar a ser votados
nas Assembleias Gerais e nas eleicées para érgéos diretores;
§ 2°. A admissao dos associados se dara independente de classe social, nacionalidade,
Sexo, raga, cor e crenga religiosa, e para seu ingresso, o interessado deverd preencher
ficha de inscrigaéo, e submeté-la a aprovacdo da Diretoria Executiva, que observaré os
seguintes critérios;
§ 3°-Apresentar a cédula de identidade, e no caso de menor de dezoito anos, autorizacao
dos pais ou responsaveis;
§ 4°-Concordar com o presente estatuto, e expressar em sua atuacdo.na entigeet e fora
dela, os principios nele definidos; 2
§ 5°-Ter idoneidade moral e reputagao ilibada, Em caso de associado contribuiate, assumir
© compromisso de honrar pontualmente com as contribuigées associativas. se
§ 6°. - Os Associados inadimplentes por trés meses consecutivos, inclusive os fiundadores MO naccheuver

m caso negativo, serado desligados do quadro associativo.
Artigo 9°. — Sao direitos dos Associados:
I participar de todas as atividades promovidas e Assembleias Gerais.
if tomar parte, discutir, votar e ser votado nas Assembleias Gerais, respbttand§—ps
previamente estabelecidos e deste que em dia com suas obrigacées sociais. ev}
HII solicitar por escrito a Diretoria, qualquer informacéo sobre assuntos da Instituigéo. ea
IV __ inspecionar na sede social, mediante autorizacéo por escrito, os livro de Atas da Asséxdbleia ‘Geral

uLsi9s

. ou de deliberacées da diretoria, lista de associados e 0 balanco anual com as respectivas contas:
\v reclamar o cumprimento dos presentes Estatutos Sociais e Regimentos Especificos.
‘Artigo 10°. — Sdo deveres dos assaciados:
i propugnar pelos objetivos da InstituicGo;

it acatar e prestigiar os atos e decisées das Assembleias Gerais;
Hil —cumprir e fazer cumprir esses Estatutos Sociais e regimentos especificos;
IV _ zelar pelo patriménio do instituto;
V pagar a contribuicdo estipulada em assembieia Geral;
§ tinico: Os Associados nao respondem nem solidéria nem subsidiariamente pelas obrigacées
sociais ou financeiras assumidas em nome da Instituicéo.
‘artigo 11°. —- O néio cumprimento dos deveres pelos associados poderé acarretar penalidades, tais como:
i adverténcia; IT = — suspenséo; TIT expulsdo;
§1° A pena de adverténcia serd verbalmente ou por escrito. A verbal serd aplicada por qualquer Diretor e
@ adverténcia por escrito pelo Diretor Presidente.
§ 2°. A pena de suspensdo serd varidvel entre 30 (trinta) e 90 (noventa) dias e aplicada somente pelo
Diretor Presidente;

- §$3° A pena de expulsao aplicada pela Dir. ser comunicada a Assembleia Geral;

Ro ou afim, sendo regido pelo que estabelece a Lei Federal 9.608 de 18 degfevereiro de’ 1998.

ee CAPITULO V —- DAS ASSEMBLEIAS GERAIS ORDINARIA E EXTRAORBINA
ZO

ASSOCIACAO CULTURAL BIQUINHA-CABUCU- ACBC
Filiada USABG-CASEC EDILSON CEARA-F. 2403,4502-Cel.6774.5401- Cel.6911-5123 (Vivo) 7156.1019
Rua Silvestre Passagem 1 N° 15- Recreio Sao Jorge —Cep. 07144.590-Guarulhos-Sp

§ 4°. Em casos de danos materiais ou financeiros causados por associados ou dependente deste ao
patriménio da entidade ou em mével ou imével sob suas responsabilidades, a aplicacao de penalidade,
nao exclui o faltoso da obrigacgao do ressarcimento dos prejuizos causados;
§ 5°. No caso de suspensdo ou expulsio, 0 associado tera o prazo de 30 dias a contar da data em que
tenha sido cientificado, para apresentacdo de reciiso, por escrito, a Diretoria, tendo ainda o associado, o
direito a apresentar sua defesa perante a Assembleia Geral;
§ 6°. A Demiss&o do Associado seré feita pela Assembleia Geral Ordindria Sempre que for
Descumpridos os Objetivos da Associacao ou as Viens da Direcao, protocolando-se junto
a Secretaria da Instituicgdo.
§ 7°. A exclusao do associado se dara nas seguintes guestSee;

i Grave violagao do estatuto;

i. Difamar a associacao, seus membros, associados ou obistos:

Mil. Atividades que contrariam decis6es de Assembiéias;

IV. Desvio dos bons costumes;

V. Conduta duvidosa, atos ilicitos ou imorais;

Vi. Falta de pagamento de trés parcelas consecutivas das contribuicdes

. associativas e poderd ser readmitido com Associado mediante o pagamento
de seu débito junto a tesouraria da Associacaéo apdos a Aprovagao da Diretoria.
CAPITULO IH - DO SERVICO VOLUNTARIADO
Artigo 12°. - A Instituicgdo poderd celebrar termo de adestio com prestadores de servico velyntario, | dele
devendo constar o objeto e as condicées de seu exercicio. an Ea
rtigo 13°. - O servicgo voluntério serd a atividade néio remunerada, prestada por pessoa fisiea a

Instituigao. :
§ tinico: O servico voluntério nd@o gera vinculo empregaticio, nem obrigacao de natur Berabattista

CAPITULO IV ~ DOS ORGAOS DA ADMINISTRACAO 5
rtigo 14° ~ Sao 6rgdos da Instituicao:
I A Assembleia Geral; I A Diretoria Executiva; Hf OConselho Fiscal x

1Sio:

15°. ~ A Assembleia Geral dos Associados é 6rgao supremo da Instituicao dentro dos prites telbais
e estatutdrios, tendo poderes para decidir os negécios relativos ao objeto da entidade e tomattresolugées
convenientes ao desenvolvimento e a defesa desta, sendo que suas deliberacdes vinculam a tbelbs, meso
que ausentes ou discordantes.
§ tinico - As Assembleias Gerais seréio convocadas sempre pelo Diretor Presidente, com antecedéncia
minima de 10 (dez) dias, mediante edital afixado em locais de concentracao de associados ou publicacio

ou circulares, ou por comunicacdo radiofénica, televisiva ou internet.
Artigo 16°. - Compete a Assembleia Geral:

A Assembleia Geral sera sempre convocada pelo Diretor Presidente e se realizard sempre no més do

término do exercicio Diretivo e fiscal e deliberard sobre os seguintes assuntos que deveriio constar da

Ordem do Dia:

i Prestacado de contas da Diretoria, acompanhado de parecer do Conselho Fiscal, compreendendo:
A ~ Relatério de Gesttio; |B - Balanco Geral; C - Demonstrativo de sobras apuradas ou perdas

decorrentes da insuficiéncia de recursos financeiros para cobertura das despesas;

it Reforma presente Estatuto poderd ser reformado no tocante a administragdo, no

todo ou em parte, a qualquer tempo, por deliberagdo da Assembleia Geral, especialmente

convocada para este fim;

Hif — Eleic¢aéo dos componentes da Diretoria e do Conselho Fiscal;

IV Fuséo, incorporacdo ou desmembramento :

V Mudanca do objetivo social da e

va ACPUGRS| S\

Fat

S|

\e
ASSOCIACAO CULTURAL BIQUINHA-CABUCU- ACBC
Filiada USABG-CASEC EDILSON CEARA-F. 2403.4502-Cel.6774.5401- Cel.6911-5123 (Vivo) 7156.1019

Rua Silvestre Passagem 1 N° 15- Recreio Sao Jorge —Cep. 07144.590-Guarulhos-Sp

VI __~Dissolugdo voluntdria da Instituigéo e nomeacao do liquidante, e se aceita, aprovacio das contas
do liquidante;
VIF = Quaisquer assunto de interesse da Instituicéo.
§ unico: A aprovagao, sem reservas, do baianco e das contas, exime de responsabilidade os membros da
\_ Diretoria e do Conselho Deliberativo e Fiscal, saivam o erro, dolo, fraude ou simulacao.
“Artigo 17°. —~ A Assembleia Geral extraordindria realizar-se-d sempre que houver razdo relevante, a
; critério da Diretoria Executiva ou por solicitagdéo por escrito de 1/5 (um Quinto) dos associados com
\ dene de votar e ser Votado.
Artigo 18°. — A Assembleia Geral Ordindria ou Extraordindria, convocada, sera divulgada nos termos do
Pardgrafo Unico do artigo 15, para conhecimento dos associados. O Edital deve conter obrigatoriamente:
I Local onde sera realizada; II Dia e horario para sua instalacéo; HI A Ordem do Dia;
e que Para as deliberagdes a que se referem sera exigido o voto concordo de dois tergos
dos presentes a assembleia especialmente convocada para esse fim, nao podendo ela
deliberar, em primeira convocagao, sem a maioria dos associados, ou com menos de um
. tergo nas convocagoées 30 minutos seguintes a primeira convocagao com qualquer numero
\\de associados.
Artigo 19°. — Serdo necessdrios cingiienta por cento mais um dos associados com direito de votar e a
presenca em primeira convocacao para tornar validas as deliberacgdes de que trata o Artigo 16 inciso I e
\ em segunda convocacao I (uma hora) apés a primeira, com qualquer mimero de associados Presentes
\ cabendo ao Diretor Presidente o voto de desempate.
“Artigo 20°. - As atas das Assembleias Gerais, seréo lavradas pelo Diretor erent, e ficarao 9 sob sua
- \ guarda e responsabilidade. a)
CAPITULO VI - DA DIRETORIA EXECUTI VA Tes) ‘®
\anigo 21°. - A Instituicao serd administrada por uma Diretoria Executiva, composta pees meimbros,
\ eleita na forma prevista neste Estatutos Sociais.
\: \“Artigo 22°. — A Diretoria Executiva é composta da seguinte forma Estabelecida neste esl ue gu:
\Artigo 23°. - Sao cargos que compéem a Diretoria Executiva: .
I Diretor Presidente, HT Diretor Vice-presidente, III Diretor 1° SecretaridV Diretor =~
Secretario, V Diretor 1° Tesoureiro, VI Diretor de Arte e Cultura, VII DiretotSocial e Esportes
\ vom Diretor de Relacées Piblicas do Turismo de Negécios e Marketing, IX Denies Cagggs Criados e

2°

Nomeados quando for o caso.
rtigo 24°. - Dos deveres e do mandato da Diretoria Executiva: art

I Reunir-se semanalmente e extraordinariamente sempre que necessdrio, por convocag@e do D fetor
Presidente, da maioria da Diretoria Executiva ou por solicitagéo do conselho Deliberativo e Pigcal; =:

° . . : oye ~ bash
It Deliberar validamente com a maioria dos seus membros, proibida a representacdo, Sendo que as

decis6es serao tomadas por maioria simples dos votos dos presentes, reservado ao Presidente o voto
do Desempate;
. § tinico — As deliberacées seréio consignadas em atas, mensais, circunstanciadas, lavradas em livros
\\ préprios ou Lista de Presenca, lida, aprovadas e assinadas ao final dos trabalhos pelos presentes.
‘ artigo 25°. - O mandato da Diretoria Executiva e do Consetho Fiscal da Instituicdo sera de 3 (trés) anos,
\ _ Sendo permitida a reelei¢éo ao todo ou parte para qualquer cargo da Executiva e do Conselho.
Artigo 26° — No impedimento do exercicio do mandato pelo Diretor Presidente, assumird o Diretor Vice-
\ presidente. No impedimento do Diretor Vice-presidente, assumird o Diretor primeiro Secretario.
Artigo 27°. — No desempenho das suas fungées cabe.a@ Diretoria, entre outras, as seguintes atribuicées:
I Cumprir e fazer cumprir o presente Estatuto;
ros Programar as operacdes e servicos e elaborar propostas de trabalho e metas, fixar as despesas da
administrardo, em orcamento anual, que indique a fonte dos recursos para sua cobertura;
WI Estabelecer as normas gerais para funciondrios

=

-—!T-lUCrrlUCT

-_ Tre TrhlUcCOrCOCUCTCrCUCUCOrCUCUCCUCNrCOCUC OCU PWOrOCU OWrLUhUhc PW hc 9W Ww FMA Fr FT POU FTrOUCN,NrCU TC OOCUC NO FP FT WOT TO TBTOOCU TC TO TPrlCUlU WNC CwrCUWCOPOPrOU OW OCT CO ~

ASSOCIACAO CULTURAL BIQUINHA-CABUCU- ACBC
Filiada USABG-CASEC EDILSON CEARA-F. 2403.4502-Cel.6774.5401- Cel.6911-5123 (Vivo) 7156.1019

Rua Silvestre Passagem 1 N° 15- Recreio Sao Jorge —Cep. 07144.590-Guarulhos-Sp

*

IV Estabelecer as normas de controle de operacées e servicos, verificando mensalmente o estado
econémico e financeiro da Instituicéo, bem como o desenvolvimento dos negécios, programas e
projetos em execucao, através de balancetes, relatorios e demonstrativos especificos;

14 Garantir a associacgado de qualquer proponente observando apenas as determinacées da Lei e deste
Estatuto;

VI = Elaborar o orcamento anual da Instituicgao e submeté a votacdo do Conselho Fiscal e da
Assembleia Geral convocada especificamente para essa finalidade. .

VHT Realizar semindrios, simpésios e encontros sobre assuntos de interesse Geral;

VHT Manter intercambio com outras entidades de direito piblicos ou privado, nacionais ou
internacionais;

IX  Submeter anualmente ao Conselho Fiscal e & Assembleia Geral, as contas da Instituicdo;

Xx Criar departamentos e assessorias técnicas que se facam necessdrias para o bom desempenho das
atividades;

XI = Zelar pelo cumprimento da Lei e deste Estatuto, bem como pelo atendimento da legislacéo
trabalhista e fiscal;

XH Representar a entidade perante 6rgaos publicos e privados

XHI Contrair obrigacées, adquirir bens méveis ou iméveis com expressa autorizacdéo do Conselho
Fiscal;

XIV Fixar a orientacao geral das atividades da Instituigao e organizar seu programa, para atingir suas
finalidades;

XV ___ Deliberar sobre a admissGo ou exclusdo de associados;

XVI Decidir sobre a possibilidade de instituir remuneracdo para os dirigentes da entidde, que atuem
efetivamente na estio executiva e para aqueles que a ela prestem servicos especifi ciRPrespeitados,
em ambos os casos, os valores de mercado na regido onde atue; oe

XVII Nomear os Diretores das Seccées que vierem a ser criadas; on oe a

XVILI- Estipulagdo das metas e dos resultados a serem atingidos e os respectivos prazos de execti¢ao ou

XIX

cronogramas, alem de previsio expressa dos critérios objetivos de avaliacile, de a a
serem utilizados, mediante indicadores de resultados. Q

Esta Instituic¢éo poderd Estabelecer e Firmar Termos de Parcerias com & poderes piiblicos
Municipais, Estaduais e Federal, nos termos da legislagaéo em vigor. 4 S&S

§ 1°. - Compete a Diretora, dentro dos Limites da Lei e deste mandato, atendidas as recomisMacébs:dlos
conselhos Fiscais, planejar e tracar normas para operacées e servicos, bem como controlar By estos
dos membros permanentes; Pe

§ 2% - A reuniéio dos membros da Diretoria, tratard prioritariamente, de assuntos relacionadok: a
conducdo administrativa da Instituicao;

§ 3°. — Sao inelegiveis para a Diretoria e Conselho Fiscal, os condenados a pena que vede ainda eu
temporariamente o acesso a cargo piblico, os condenados por crime falimentar, peculato, de
prevaricacao ou suborno, concussao, contra a economia popular, a fé piiblica ou 4 propriedade.

§ 4° - A Diretoria reunir-se-d mensalmente, em conjunto com o Conselho Fiscal, fazendo constar em
atas as deliberacdées e as decisées tomadas.

CAPITULO VII - DAS ATRIBUICOES DOS MEMBROS DA DIRETORIA EXECUTIVA.

\ ertive 28°. — SGo atribuicées do diretor Presidente:
I

IT
Til
Iv
Vv

VI

Supervisionar as atividades da Instituicao através de contatos assiduos com os auxiliares diretos;
Representar a Instituic¢do em juizo de fora dele;

Verificar 0 estado do caixa “Ad Referendum” do Conselho Fiscal;

Convocar e presidir as reunides da Diretoria, bem como, as Assembleias Gerais dos Associados;
Assinar contratos, convénios ou quaisquer outros atos e recebimentos de dominio, posse, direitos,
prestacgdes e acgdes de natureza lega, desde que aprovadas pela Diretoria;

Apresentar a Assembleia Geral Ordindria o relatério anual, balanco contas e parecer do Conselho
Fiscal, bem como, os planos de trabaihos

7}

; OREN NO! mA

- Trl TrllhlUTrlOlhTrlClUCTCWT VP OWT HIPTTFTwFTwrewwrv wT ZwVPwv=#eww#~aeFewW#w#sFeFs wTevvwvT vVTwsseTvVvVT VvYeVUVU Vv veweswo w

ASSOCIACAO CULTURAL BIQUINHA-C ABUCU- ACBC
Filiada USABG-CASEC EDILSON CEARA-F. 2403.4502-Cel.6774.5401- Cel.6911-5123 (Vivo) 7156.1019

Rua Silvestre Passagem 1 N° 15- Recreio Sao Jorge —Cep. 07144.590-Guarulhos-Sp

VH Assinar em conjunto com o Déretor Tesoureiro, os cheques bancdrios, bem como toda a
movimentacdo financeira;

VHT Exercer 0 voto de decisiio no caso de empate nas votacées da Assembleia Geral;

IX Contratar e demitir funciondrios;

Xx Formar vinculos com o poder piblico e com a iniciativa privada mediante termo de parceria, para
0 fomento e a execucao das atividades de interesse publico prevista‘na legislacéo em vigor e no
presente esiatuto. :

Artigo 29°, ~ So atribuicgées do Diretor Vice-presidente '

I Substituir 0 Diretor Presidente nos caos de impedimento, licenca ou suceder-lhe no caso de
vacancia do cargo;

rai Auxiliar o presidente no desempenho das sua atribuicées ou nas atividades que lhe forem

atribuidas pela Assembleia Geral ou pela Diretoria Executiva..

Artigo 30°. — Sado atribuicées do Diretor Primeiro Secretério:

I Elaborar e registrar as atas das Assembleias Gerais e das reuniées da Diretoria;

iT Manter em ordem e sob sua guarda, os livros, registros, estatisticas de atendimento e demais
arquivamentos da entidade;

If Coordenar o setor de beneficios do quadro funcional e manter o controle sobre a frequéncia eo

- desenvolvimento do trabalho da equipe de voluntarios, assim como as condicées do seu exercicio.

IV Manter atualizado 0 cadastro dos bens moveis e iméveis da entidade, zelando pelos mesmos;

V Apresentar anualmente as variagées de patriménio, assumindo com a Diretoria Executiva
responsabilidade pelas modificacgdes realizadas durante 0 mandato; aes

VI Providenciar, antes da entrega do cargo do sucessor ou substitute, um inventdrio de ipdos os bens

da entidade, em duas vias, que sera por ambos assinado e arguivado. —

VH Substitui-lo 0 Presidente e Vice Presidentes nas suas faltas ou impedimentos ou s ucede-t6 no éaso de

vacGncia do cargo. any

Artigo 31°. —- Compete ao Diretor Segundo Secretdrio Pi)

Auxiliar o 1°. Secretdrio nas suas atribuicées, substitui-lo nas suas faltas ou impedireentos ou sucede-lo

no caso de vacdncia o cargo. in

Artigo 32°. — Sao atribuicées do Diretor Tesoureiro: Et

I Administrar e zelar pelos fundos da Instituicéo; id ae

I Efetuar as despesas autorizadas pelo Presidente ou pela Diretoria ou Cons elho, Peliberati vo
Fiscal, bem come 0 acompanhamento do cumprimento do orcamento anual; op FG

HI Manter rigorosamente em dia toda a parte financeira da Instituicdo, apresentando @ssbalancas e
previsées orgamentarias ao Diretor Presidente e ao Consetho fiscal; “ol en

Iv Organizar e responsabilizar-se pela contabilidade:

a Assinar em conjunto com Diretor Presidente, os cheques bancGrios emitidos e outros titulos;

VI Ter sob sua guarda, todos os valores, documentos contabeis, administrativos e de pessoal;

VT Apresentar mensalmente & Diretoria e divulgar aos associados, 0 balanco financeiro da sociedade;

AHI Apresentar anudlmente a Assembleia Geral o balanco financeiro e patrimonial;

IX- Zelar pelo patriménio da Instituicdo;

ne Ter sob sua guarda e responsabilidade as atualizadas sobre os bens méveis e imoveis que integram
os ativos da Instituicdo,

Artigo 33°. ~ Sao atribuic¢des do DIRETOR DE ART e CULTURA

i Dirigir o departamento, promovendo o seu perfeito funcionamento e
entrosamento, buscando recursos financeiros, Firmar parcerias ou Convénios
nas Areas da Art e Cultura, junto a iniciativa Privada e Orgaos Municipais,
Estaduais e Federais;

Hi. Realizar ac6es integradas para melhorar a Educac¢ao formal e informal seja ele
Associado ou nao. oO oS

aa a

ASSOCIACAO CULTURAL BIQUINHA-CABUCU- ACBC
Filiada USABG-CASEC EDILSON CEARA-F. 2403.4502-Cel.6774.5401- Cel.6911-5123 (Vivo) 7156.1019
Rua Silvestre Passagem 1 N° 15- Recreio Sao Jorge —Cep. 071 44.590-Guarulhos-Sp

fil. Elaborar, promover e executar eventos culturais, palestras com especialistas
sempre visando o interesse coletivo do seu Publico alvo;

IV. Apresentar a Diretoria Executiva, quando solicitado pelo Presidente, relatério
relativo atividades a acées referentes ao seu Departamento.

V, Os Convénios, Parcerias, acgdes ou evento a serem colocados em pratica, este
departamento devera sempre estar amparado por Regimento Interno ou

\G resolucao expedida pela Executiva desta, sempre assinado pelo Presidente.

rtigo 34°. — Sao atribuigées do Diretor Social e ESPORTE. ‘
|. Dirigir 0 departamento promovendo o seu perfeito funcionamento e entrosamento,
buscando recursos financeiros, junto a iniciativa Privada e Orgaos Municipais, Estaduais e
Federais e Garantir a Pratica e Eventos Esportivos 4s Criancas, Adolescentes, Jovens,
Adultos e a Melhor Idade, Eventos encontros propiciando a Pratica Esportiva aos
Associados, e aos Esportistas e Simpatizantes da Regiao seja ele Sdécio ou Nao nas
Categorias:
f. a - MIRIM, b- JUVENIL, c- ADULTO, d- MELHOR IDADE, e- BOCHA, f- MALHA,
g- RANDEBOL, h- Outras Atividades Esportivas que se Fizerem
NECESSARIAS.
fh. Elaborar, promover e executar os eventos sociais e Esportivos da Institui¢ao.
fl. Apreseniar a diretoria Executiva, quando solicitado pelo Presidente, relatério
relativo ao seu departamento. -
IV. GARANTIR a Pratica Esportiva aos Associados, bem como aos ESportisias e
Simpatizantes da Regiao seja ele Sécio ou Nao nas Categorias: '@ 2
V. Para que possa através deste Departamento desenvolver e profgover,, Suas
agées Relacionadas a este, devera obedecer 4s Legislacao do Nijtistério. do
Esporte, a qual esta Instituicdo sempre que possivel agatar e exercer
rigorosamente as legislagdes Esportivas, inclusive o quenDispde o* atual
ESTATUTO DO TORCEDOR. a us oo
Vi. Prestar assisténcia as pessoas que solicitarem o auxiliag da Associa¢ao
'  Amizade Crista; Oo O as
Vil. Organizar e realizar todos os eventos promovidos pela Institui¢ao Pwvilizat:
\ intercambio com outras entidades congéneres. zs
Artigo 35°. — Sao atribuicées do Diretor de Relacées Publicas. do Turismo de Negécios e Ma =
i Este Departamento Sempre que Possivel Manter um Veiculo de .Divulgacao aas...eatividadées e
Eventos da Instituigéo sempre através de Orgao de Comunicacao Préprios Exemplos.
A-Jornal, B-Boletim Informativo, C-Cartilhas, D-Outros;

II — Prover e Desenvolver Acées Efetivo na Area do Turismo de Negocios, aos Turistas bem como aos
Migrantes e Imigrantes, na Arte e Cultura garantindo as suas Origens, através de eventos entre outras
acées que busquem o Crescimento dos Seguimentos entre Outros, apoiar os Migrantes e Imigrantes de
todo o Norte e Nordeste, Tirar através de Estudos e Pesquisas Artisticas Socieculturais, Promover Cursos
e Eventos, Incentivando e Organizar, Simposios, Semindrios, Conferencias, Congresses, procurar Gerar
Projetos de Incentive Artistico, Socioculturais Brasileiros e até mesmo Internacionais, - e propor
Consultoria nas Areas Artisticas e Sociocultural.

PARAGRAFO UNICO:

A Instituigaéo ~TAMBEM CONTARA COM SUAS CAMARAS TECNICAS QUE TERAO OS
SEGUINTES OBJETIVOS.

=
ey
tom

S4o objetivos especificos das Camaras Técnicas:

I. CAMARA TECNICA DEATRACAO

ng Che Wish |
\P nur

13

“i
eocnnih
\¥ =

eum

-_— = SOS Se SFr FF Fr fF TF PP PFT FT FT FT FT FT FT TPT wT woewewow~ewwWwewse~ewse wFewww#wwswsewwsw ww

b.

c.

a)
a. Buscar dentro dos objetivos e atribuicgées da instituicao, através dexicods

ASSOCIACAO CULTURAL BIQUINHA-CABUCU- ACBC
Filiada USABG-CASEC EDILSON CEARA-F. 2403.4502-Cel.6774.5401- Cel.6911-5123 (Vivo) 7156.1019

Rua Silvestre Passagem 1 N° 15- Recreio Sao Jorge —Cep. 07144.590-Guarulhos-Sp

Buscar dentro dos objetivos e atribuig¢des da instituigdo, através de acoes
conjuntas e integradas, a atragao de investimentos estaduais, nacionais e
internacionais para os Municipios, garantindo o desenvolvimento e a execucao
de novos projetos;

Levantar e viabilizar alternativas de investimentos;

Propor, criar e divulgar a niveis estaduai, nacional e internacional‘a imagem da
instituigao.

l- CAMARA TECNICA DE COMERCIO E SERVICOS:

a. Buscar dentro dos objetivos e atribuigGes da Instituigao, através de acoes

conjuntas e integradas, a elabora¢ao de politicas e programas que estimulem
e desenvolvam os segmentos do comércio e servigos para geracao de
emprego;

lil- CAMARA TECNICA DE COMERCIO EXTERIOR:

a. Buscar dentro dos objetivos e atribuigées da Instituigao, aos Municipios,

através de agées conjuntas e integradas, estimular a exportagao como

alternativa de negécios; re) _

b. Buscar através de contatos no exterior e da divulgagdo da imagemalos ©
projetos, a prospeccao de negdcios objetivando a geracao de em oshos
municipios; ee |

es] 2

c. Fortalecer através de agées planejadas a posicao estratégicaYe Municiptos e
criar politicas e programas especificos para o Mercosul. a a

1V- CAMARA TECNICA DE ASSUNTOS UNIVERSITARIOS: r=  '

x]
ye

conjuntas e integradas o levantamento e atendimento das necessid@des da.
comunidade dos Municipios e das universidades; — ; =

vena, pees
Propor e criar projetos que visem essenciaimente integrar a comunidade ao
meio universitario e vice- versa;

Desenvolver e criar um plano de acéo que priorize os objetivos e metas
comuns e desenvolver projetos de acdo integrada para o atendimento das
necessidades e resolu¢aéo dos problemas apresentados.

V- CAMARA TECNICA DE INTEGRACAO TECNOLOGICA:

‘a. Buscar dentro dos objetivos e atribuicées da Instituicao, através de acées

conjuntas e integradas, mecanismos para atrair e/ou criar pélos de
desenvolvimenio de tecnologia;

b. Cabera a Instituigao, propor e viabilizar estudos e projetos para melhorar e

qualificar tecnologicamente os seus produtos e servicos;

14

ASSOCIACAO CULTURAL BIQUINHA- -CABUCU- ACBC
Filiada USABG-CASEC EDILSON CEARA-F. 2403.4502-Cel.6774.5401- Cel.6911-5123 (Vivo) 7156.1019
Rua Silvestre Passagem 1 N° 15- Recreio Sao Jorge —Cep. 07144.590-Guarulhos-Sp

c. Propor e criar programas de tecnologia de vanguarda em nivel nacional e
internacional, através de convénios, em areas pré-definidas pela Instituigdo, e
preparar empresas para sua implantacao;

d. Levantar e disseminar informagées nos 6rgaos e entidades desenvolvedoras
de tecnologia sobre seus programas e projetos.

Vi- CAMARA TECNICA DE ASSUNTOS COMUNITARIOS:

- a, Propor e criar condi¢é6es e movimeniar os diversos segmentos da sociedade
para que apdiem e viabilizem as condi¢ées propicias para as agGes que serao
empreendidas pela Instituic¢ao, buscando a retomada do desenvolvimento dos
Municipios.

Vii- CAMARA TECNICA DA CONSTRUCAO CIVIL E SETOR IMOBILIARIO:

a. Buscar dentro dos objetivos e atribuigées da Instituicao, através de acédes
conjuntas e integradas, o fortalecimento da construg¢ao civil e do setor
imobiliario em atendimento a populacao local dos municipios; (ver inciso XI!)

b. Identificar e buscar novas fontes de financiamento para o setor. x)

Vill- CAMARA TECNICA DA EDUCACAO: ed
Buscar dentro dos objetivos e airibuicées da Instituicéo, através das entidade egygeall iiZate rem

3 a a

CAPITULO XII — DO CONSELHO FISCAL. Pad

\*errs integradas para melhorar a Educac¢ao formal e informal dos municipios.

\

Artigo 36° -— A administracéo da Instituicdo serd fiscalizada, assidua e minucwsamente, por um
Consetho Fiscal, constituido por 3 (Trés) membros efetivos, e 3 (Trés) suplentes, paréium mandato de 3
(trés) anos coincidente com a da diretoria e eleitos no mesmo pleito. : ‘
§ unico ~ O associado néo pode exercer cumulativamente, cargos nos érgdos de adniyistrigco e

fiscalizacao. mw) Fs

‘Artigo 37°. - Compete ao Conselho Fiscal exercer a fiscalizacéo sobre as operacées fi nance cabenilo-

the as seguintes atribuicées. =

I Conferir mensalmente o saldo do numerdrio existente em caixa, verificando sanbbeirt se o mesmo
esta dentro dos limites estabelecidos pela Diretoria;

rai Verificar se os extratos de contas bancdrias conferem com a esertiercglio da sociedade;

Hil Examinar se 0 montante das despesas realizadas esté em conformidade com os planos e decisdes
da Diretoria;

Iv Verificar se as operacées realizadas e os servicos prestados correspondem em volume, qualidade e
valor, as provisées feitas, aos programas desenvolvidos e as conveniéncias econémico ~
financeiras da Instituigéo.

V Controlar-se o recebimento dos créditos siio feitos regularmente e se 0s compromissos fi inanceiros
sao atendimentos com pontualidade;

VI = Averiguar-se hd exigéncias ou deveres a cumprir com autoridades fiscais ou withathivis,

VIE Certificar-se se hd exigéncias ou deveres a cumprir com autoridades fiscais ou trabalhistas;

VI Averiguar se os inventdrios periddicos e anuais sao feitos com a observancia das regras préprias e
legais;

IX Estudar os balancetes e outros demonstrativos mensais, o balanco e o relatério anual da Diretoria,
emitindo parecer sobre essas pecas & Assembléia Geral e érgéos piblicos de fiscalizacgéo quando
necessario;

15

ASSOCIACAO CULTURAL BIQUINHA-CABUCU- ACBC

Filiada USABG-CASEC EDILSON CEARA-F. 2403.4502-C e1.6774.5401- Cel.691 1-5123 (Vivo) 7156.1019

Rua Silvestre Passagem 1 N° 15- Recreio Sao Jorge —Cep. 07144.590-Guarulhos-Sp

xX Dar conhecimento a Diretoria das conclusées dos seus trabalhos, denunciando @ essa e a
Assembléia Geral ou as autoridades competentes a irregularidade constatada.
CAPITULO IX —- DO CONSELHO FISCAL
* Artigo 38°. - O conselho Fiscal serd composto por 6 (Seis) membros todos eleitos pela Assembléia Geral.

I O Consetho Fiscal terd a seguinte composicéo: 3 Membros ftitulares e (3)Trés Membros
suplentes;
i O mandato do Consetho Fiscal sera coincidente com o da Diretoria Executiva;

Ill Em caso de vacancia de quaisquer dos cargos do Conselho Fiscal, o suplente ocuparad o mandato
vago até a conclusao do prazo que falta para o final do mesmo;

IV O Consetho Fiscal se reunird uma vez por més ou extraordinariamente sempre que convocado
pela Diretoria Executiva;

V Os membros do conselho Fiscal sero eleitos mediante votacéo, no mesmo pleito que se eleger a
Diretoria Executiva, sendo eleitos titulares e os suplentes;

VI Os membros se reunirao e elegeram o presidente do Consetho Fiscal para coordenar os Trabathos

; de Cada Reuniao.
‘Artigo 39°. — Compete ao Conselho Fiscal.
I Cabera a aplicagaéo Pareceres nos resultados apurados separadamente segundo @,natureza das

operacées, servicos e programas, de Aprovacéo ou Desaprovacaéo das Contas, para queya Exeéutiva
Cumpra com as respectivas Exigéncias e das Possiveis Irregularidades Encontradas e os Balanco ‘Geral,
incluindo o confronto de receitas e despesas, sera levantado para a Assembleia a cada Triggestres: = -

ref Opinar e Sugerir alteracées na rotina dos trabalhos e das atividades des Volvidas pela

Instituicdo; a

WI — Sugerir e opinar sobre normas disciplinares; @

Iv Promover reuniGes visando discutir e sugerir solucdes para dificuldades cotid#jnas da Instituigdo;

14 Estimular a participacdo de todos os conselheiros nas atividades pertingntes 5 ei do
conselho;

VI Encaminhar a Diretoria Executiva as sugest6es surgidas durante as reunides do Cometin’®

VII Julgar recursos interpostos pelo associados; CO

VIII Deliberar sobre qualquer assunto de interesse da comunidade associada; (2 =

IX __ Destituir membros dos 6rgdos diretivos, por faltas sem justificativa, ou atitudes que Jiram o décoro
necessGrio ao exercicio do cargo de direcao;

X Sugerir reforma no estatuto social;

XI Examinar se necessdrio o relatério e o parecer do Conselho F sea sobre o balanco geral e a
prestacdo de contas da Diretoria, sugerindo retificacao;

XH Consignar em livro proprio as suas deliberacgées, sendo a ata

rubricada por todos membros do Conselho Fiscal.

XHI Para que sejam vdlidas as Decisdes dos Conselheiros de que trata este artigo, estas devem ocorrer
mediante a votacdo e aprovacdo da maioria dos membros com direito de votar;

XIV O Conselho Fiscal poderaé assumir a Direcao da Instituiggo no caso de demissdo coletiva da
Diretoria Executiva, permanecendo na Direcao até a convocacdo de novas eleicdes que deverao
ocorrer no prazo maximo de 15 (quinze) dias apés a vacancia dos cargos, caso a Assembleia Geral
assim 0 decidir.

‘CAPITULO X ~ DA PERDA DO MANDATO DA DIRETORIA E PENALIDADES

<Artigo 40° — Perderd o mandato o Diretor ou Conselheiro que faltar com o decoro ou com a ética

profissional, ou n@o comparecer a 3 (trés) reunides consecutivas ou a 6 (seis) intercaladas durante o

Exercicio de suas Funcées, sem justificativa formal encaminhada ao Presidente.

Pardgrafo Unico - Extingue-se 0 mandato dos membros da Diretoria Executiva e dos Conselhos Fiscal:

I Morte;

Il Rentncia por Escrito;

UI Término da Gestiio Va

; 16

ASSOCIACAO CULTURAL BIQUINHA-CABUCU- ACBC
Filiada USABG-CASEC EDILSON CEARA-F. 2403.4502-Cel.6774,5401- Cel.691 1-5123 (Vivo) 7156.1019

Rua Silvestre Passagem 1 N° 15- Recreio Sao Jorge —Cep. 07144.590-Guarulhos-Sp

IV Os que sofrerem Punicées Previstas neste Estatuto Social.

-Artigo 41°. - O membro da Diretoria Executiva perderd 0 mandato quando:

I Praticar grave violacao as determinacées do Presente Estatuto;

si De forma dolosa dilapidar o patriménio da entidade;

TI = Abandonar o cargo de Diretor ou sem Justifi icativa, faitar a trés reunides consecutivas da Diretoria

Executiva;

IV Provocar desmembramento da base territorial da entidade, sem prévia autorizacdo da Assembleia
Geral. ;

V Serd considerando renunciante qualquer membro da Diretoria Executiva ou do Conselho Fiscal

OS que apresentarem na Secretaria da instituicao sua carta de renuncia por escrito, justificando os
seus motivos e efetivando a conforme o Estatuto Social.

VIA perda do mandato sera declarada em Assembleia Geral, garantido-se 0 amplo direito de defesa.
7 CAPITULO XI - DO PROCESSO ELEITORAL

“Artigo 42°. — As eleicdes para os cargos da Diretoria Executiva e do Conselho Fiscal realizam-se em
Assembleia Geral Ordinaria.

§ tinico: O editai de Convocagao devera ser Expedido e Tornado Publica com antecedéncia minima de 30
(trinta) dias da realizacGo da Assembleia Geral.

Artigo 43°. — A votacao é direta, o voto é secreto, podendo em caso de inscricdo de uma tinica chapa, a
mesma Ser considerada eleita por aclamacao.

Artigo 44°. — A partir da inscricdo das chapas, sera formada uma Comissdo Eleitoral cujos poderes para
dirigir e organizar todo o pleito, serdo estabelecidos pela Diretoria Executiva, mediantesregulam ento
proprio, tendo acesso a documentacao e demais materiais necessdrios para organizacdo daxxfeicées:
\Artigo 45°. — Somente poderdo concorrer a cargo na diretoria, candidatos que compe ham chapas
completas, e que esteja associado ha pelo menos 12 (Doze) meses.

Artigo 46°. - Havendo mais de uma Chapa Concorrendo sera deciarada vitoriosa a pie bBibver a cman
simples dos votos.

Artigo 47° - Sera declarada vitoriosa para a Chapa que obtiver 50% + 1 (cinquengs por cento mais um)
dos votos dos associados presentes com direito de votar, Caso isso nao ocorra, S2rao realizadas novas
eleicdes num prazo maximo de 20 (vinte) dias em que participardo apenas as duagchapas, mais  voladas
no primeire escrutinio. >

§ tnico ~ atendidas as exigéncias do Artige 19 deste Estatuto, o associado s6 podert var, apos
identificar-se mediante a apresentacdo de Carteira de Identidade (RG) ou Carteira BO Associndos e
assinar o livro Lista de presenca. te

CAPITULO XII - DA RECEITA E PATRIMONIO = “
Artigo 48°, ~ A receita e 0 patrimdnio da Instituicdo serdo assim constituidos:
I Das rendas advinhas dos bens e valores adquiridos;
ei Dos direitos patrimoniais decorrentes da celebracado de contratos ou Termo de Parceria;

TI Outras rendas eventuais;

IV Dos bens e valores adquiridos;

V Das doacées e dos legados;

VI Dos créditos néo reclamados;

VII Dos auxilios e doacées sem destinacao especial;

VIII = Quaisquer bens e valores adventicios, inclusive os resultantes dos recursos captados do setor
ptblico ou privados, ou de instituigdes nacionais ou internacionais;

Artigo 49°. ~ Os bens do ativo permanente, que. constituem o patriménio da entidade deverdo ser

identificados para possibilitar 0 controle de uso e conservacdéoe dos mesmos e registrados em documento

proprio.

Artigo 50° — Para alienar ou aquisic¢éo de bens imoveis a Diretoria Executiva da entidade realizara

avaliacao prévia, sendo imprescindivel o parecer do Cons

fo — 17

ASSOCIACAO CULTURAL BIQUINHA-CABUCU- ACBC
Filiada USABG-CASEC EDILSON CEARA-F. 2403.4502-Cel.6774.5401- Cel.6911-5123 (Vivo) 7156.1019
Rua Silvestre Passagem 1 N° 15- Recreio Sao Jorge —Cep. 07144.590-Guarulhos-Sp

ista de Presenca dos Moradores e visitantes que compareceram a Assembléia de Fundaco da ASSOCIACAO
CULTURAL BIQUINHA-CABUCU- ACBC, Realizada em 06 de Marco de 2011, na Rua Silvestre Passagem 1 N° 15-
Recreio Sao Jorge —Cep. 07144.590-Guarulhos-Sp /

NOME ASSINATURA
MARIA JOSE FERREIRA DA SILVA

FRANCLIN RODRIGUES MOITINHO

VANDRESON MAXIMILIANO PEREIRA GO
ANTONIA TEOFILO DA SILVA

CLEONICE PEREIRA DOS SANTOS

WELLINGTON RODRIGO DAFONSECA

LEONIR ROSA DA SILVA

PAULO HENRIQUE MARCONDES

LUZIA STECANELA SHIREGATO aes
Py,

IX A
JEAN KARL SANTOS PESTANA \ F Leg

Be ee oe be
fj

Moo be

lie LN he (ie xian | fe

Pra) nes

Hie
4

pts
Ee

ASSOCIAC AO CULTURAL BIQUINHA-CABUCU- ACBC
Filiada USABG-CASEC EDILSON CEARA-F. 2403.4502-Cel.6774.5401- Cel.6911-5123 (Vivo) 7156.1019
Rua Silvestre Passagem 1 N° 15- Recreio Sao Jorge —Cep. 07144.590-Guarulhos-Sp

§ tinico — A venda de bens iméveis dependerd de prévia aprovacdo da Assembleia Geral, especialmente
convocada para esse fim.
Artigo 51°. — A Instituicao poderd filia-se a Centrais Sindicais e Confederacées ou associar-se a outra
entidade congénere, visando sempre a defesa econdmica, social e 0 desenvolvimento harménico assim
como a consecucao plena dos seus objetivos sociais.
Artigo 52°.- No caso de dissolucdo da Instituicdo, 6 que se dard por deliberacéo expressa da Assembleia
Geral convocada para este fim e com presenca minima de 2/3 (dois tercos) dos associados com direito de
votar, 0 patriménio, pago as dividas legitimas decorrente de sua responsabilidade serd transferido &
entidade que preferencialmente, tenhaa mesma atividade da extinta.
Pardgrafo Unico: Havendo a Dissolucdo ou Extinedo, destinardo o eventual patriménio remanescente a
entidade congéneres dotadas de personalidade Juridica Inscrita no Conselho Nacional, Conselho
Estadual, ou Conselho Municipal de Assisténcia Social, com sede e efetiva atividade nesta Comarca.
Artigo 53°. — A alteracéo dos objetivos sociais da Instituig¢do, mudanca de sua razGo social ou fusdéo com
entidade congénere, afim ou assemelhada, sera decidir por Assembleia Geral especialmente convocada
para esse fim, desde que tal medida seja aprovada por meio de parecer pelo Conselho Fiscal.

CAPITULO XIII ~ DOS LIVROS OU CONTROLE EM RELACAO (LISTA).
Artigo 54°. — A Institui¢do deverd possuir os seguintes livros ou Controle em Relacao:

I. De registro de associados;

si De Atas das Assembleias Gerais, da Diretoria Executiva e do Consetho Fiscal; Pap

III Livro de presenca dos associados nas Assembleias Gerais, Diretoria Executiva e Con®élho Fiscal;
Iv Outros, fiscais e contabeis e de controle de atendimento obrigatério; =

V Registro de Inscricdo de Chapas; ont

§ tinico — E facultada a adocao de livros, fothas ou fichas, inclusive as aaa: por Processamento
eletrénico de dados.

‘Artigo 55°. — No livro de matricula, os associados ser&o inscritos por ordem cronolge de dinate, dele
contando:

I Nome, estado civil, data de nascimento, nacionalidade, niimero do registB, juego, endere¢o
residencial completo e demais anotacées pertinente a cada caso; Po:
mii Data de sua admissdo e quando for o caso, de sua exclusGo a pedido ou expulséo;
CAPITULO XIV — DA PRESTACAO DE CONTAS os
Artigo 56°. - A Institui¢do observard as seguintes normas de prestacdo de contas:
I Respeitar os principios fundamentais da contabilidade e das Normas Brasileira da Coniabilidade:
il A publicacdo em meio eficaz dos balancos e demonstrativos, no encerramento do exercicio fiscal,

referentes ao relatério financeiro do exercicio pertinente, incluindo-se certidées negativas de
débitos junto ao INSS e e FGTS, colocando-os & disposicao para exame de qualquer cidadao;

I A realizacaéo de auditoria, inclusive por auditores externos independentes se for 0 caso, para
verificacdo da aplicagéo dos recursos e de todas as atividades previstas no presente estatuto,
inclusive da aplicacao de recurso financeiro obtido em razdo de Termo de Parcerias, contrato ou
convénio celebrado com a iniciativa privada, com organizacdo na@o governamental nacional ou
internacional ou com poder publico;

IV Os demonstrativos para prestacdo de contas de todos os recursos e bens de origem publica ou
privada recebidos, considerando-se o que determina o Artigo 70 da Constituicdo Federal;

VY Nas‘parcerias em que o valor des recursos captado seja superiores a R$ 600.000,00 (seiscentos mil
reais) a Instituigéo contratard empresa independente para a realizacao de auditoria de todos
programas e dos valores aplicados. -

18

ASSOCIACAO CULTURAL BIQUINHA-CABUCU- ACBC
Filiada USABG-CASEC EDILSON CEARA-F. 2403.4502-Cel.6774.5401- Cel.6911-5123 (Vivo) 7156.1019
Rua Silvestre Passagem 1 N° 15- Recreio Sao Jorge —Cep. 07144.590-Guarulhos-Sp

CAPITULO XV — DAS DISPOSICOES GERAIS
Artigo 57°. ~ O presente Estatuto sé poderd ser reformado por deliberacées de Assembleia Geral
especificamente convocada para esse fim, atendido o que dispée o Artigo 19 desse estatuto social,
que nas suas agdes e gestio coniara com apoio e a_ orientagdo da USABG (Uniiio das Sociedades
Amigos de Bairros de Guarulhos), a CASEC- Comunidade de Apoio ao Social Edilson Ceard, bem como
d FECAESP (Federacdo das Entidades Comunitarias e Assistenciais do Estado de Sao Paulo).
Artigo 58°. — Os casos omissos serao dirimidos pela Assembleia Geral.

Artigo 59°..~ A Instituigdo poderad requerer junto a Secretdria Nacional de Justica a qualifi cagéio como
Organizacdo da Sociedade Civil de Interesse Publico.

Artigo 60°. — Fica eleito o forum de Guarulhos, por mais privilegiado que outro seja para dirimir

a quaisquer duvidas origindrias deste estatuto.

arulhos, 06 de Marco de 2011.

P esidénte xecutiva. ABG ~CASEC- TECAnSE

DR. J@AO LUIZ LEITE

20 OFICIAL DE REGIS
Partai DE GUARULHOS - SP

ua Guaira, 91, Jd Barbosa - CEP 07
—- neleusnaon 111-320 - Guarulhos/Sp (2087-4000)

2 sob n 32, 942, Re
gistrado em 2
Sob N 25.831 no Registro Civil das Pessoas Turidicas von

Guarulhos 26/6/2012 4
IAS & ta

C CLA eo
MARIA DE R FATIMA vi :
VIVEIROS TEIXEIRA » EBSCREVENTE

OFICIAL
ESTADO IPESP 5 SINOREG JUSTICA TOTAL - -

TRO DE IMOVEIS E ANEXOS _

107,4
746 30,53 22,63 5,69 5,69 172,00

19

